"","cluster_size","start","end","number","p_value"
"X310",13,310,322,10,1.43189777746534e-05
"X310",4,310,313,6,3.56922867820822e-05
"X310",2,310,311,5,4.55179771726514e-05
"X183",2,183,184,5,4.55179771726523e-05
"X310",1,310,310,4,6.89326052321413e-05
"X184",1,184,184,4,6.89326052321429e-05
